id,circles,vms_max
0,3,145373704.19211444
1,5,183941680.30724856
2,7,133461495.19075483
3,9,165377127.00411904
4,11,379598903.83219564
5,13,151054377.28871962
6,15,547144473.9981364
7,17,248093713.0824579
8,19,182770266.65688416
9,21,185712560.51720992
