id,circles,vms_max,area_fraction,size
0,10,447348048.2564823,16.95975561184246,16.0
1,10,46158706.1213519,21.72584237617416,16.0
2,10,59976886.355701834,20.25112139121581,16.0
3,10,398061724.1780613,15.233073725168191,16.0
4,10,46158699.190321855,17.244162459170628,16.0
5,10,46158700.78429177,16.144681262200308,16.0
