id,circles,vms_max,area_fraction,size
0,10,366120338.84820414,19.779432040193985,16.0
