id,circles,vms_max
0,3,184501663.9798118
1,5,163678439.01560387
2,7,542685970.5607408
3,9,160061502.6704391
4,11,183202695.84407702
5,13,167917294.37423107
6,15,461462929.6190151
7,17,151485917.22201797
8,19,164051540.4342827
9,21,157242381.4390219
